name,price,url
Secret Wars Marvel Legends Captain America Action Figure,$25.99,https://www.bigbadtoystore.com/product/secret-wars-marvel-legends-captain-america-action-figure-146220?variation=290115
Marvel Super Heroes Secret Wars MAFEX No.147 Spider-Man (Black Costume Comic Ver.) Action Figure,$109.99,https://www.bigbadtoystore.com/product/marvel-super-heroes-secret-wars-mafex-no147-spider-man-black-costume-comic-ver-action-figure-91478?variation=178924
Secret Wars Marvel Legends Wolverine Action Figure,$19.49,https://www.bigbadtoystore.com/product/secret-wars-marvel-legends-wolverine-action-figure-146219?variation=290099
Secret Wars Marvel Legends Absorbing Man Action Figure,$27.99,https://www.bigbadtoystore.com/product/secret-wars-marvel-legends-absorbing-man-action-figure-180269?variation=354338
Secret Wars Marvel Legends Constrictor Action Figure,$27.99,https://www.bigbadtoystore.com/product/secret-wars-marvel-legends-constrictor-action-figure-180264?variation=354285
Secret Wars Marvel Legends Marvel's Falcon Action Figure,$27.99,https://www.bigbadtoystore.com/product/secret-wars-marvel-legends-marvels-falcon-action-figure-180265?variation=354298
Secret Wars Marvel Legends The Beyonder Action Figure,$20.79,https://www.bigbadtoystore.com/product/secret-wars-marvel-legends-beyonder-action-figure-146217?variation=290087
Secret Wars Marvel Legends Spider-Man (Alien Costume) Action Figure,$27.99,https://www.bigbadtoystore.com/product/secret-wars-marvel-legends-spider-man-alien-costume-action-figure-180268?variation=354330
The Avengers 60th Anniversary Marvel Legends Captain Marvel vs. Doctor Doom Action Figure Two-Pack,$36.39,https://www.bigbadtoystore.com/product/avengers-60th-anniversary-marvel-legends-captain-marvel-vs-doctor-doom-action-figure-two-pack-121872?variation=236960
Secret Wars Marvel Legends Marvel's Magik Action Figure,$27.99,https://www.bigbadtoystore.com/product/secret-wars-marvel-legends-marvels-magik-action-figure-180267?variation=354321
Secret Wars Marvel Legends Iron Man Action Figure,$25.99,https://www.bigbadtoystore.com/product/secret-wars-marvel-legends-iron-man-action-figure-146221?variation=290120
Secret Wars Marvel Legends Titania Action Figure,$24.69,https://www.bigbadtoystore.com/product/secret-wars-marvel-legends-titania-action-figure-146218?variation=290094
Dragon Ball Super: Super Hero Limit Breaker Super Saiyan Gohan 12-Inch Figure,$19.99,https://www.bigbadtoystore.com/product/dragon-ball-super-super-hero-limit-breaker-super-saiyan-gohan-12-inch-figure-189370?variation=371076
Secret Wars Marvel Legends Daredevil Action Figure,$27.99,https://www.bigbadtoystore.com/product/secret-wars-marvel-legends-daredevil-action-figure-180266?variation=354316
Secret Wars Marvel Legends Spider-Man Action Figure,$25.99,https://www.bigbadtoystore.com/product/secret-wars-marvel-legends-spider-man-action-figure-146222?variation=290136
Secret Wars Marvel Legends Iceman Action Figure,$27.99,https://www.bigbadtoystore.com/product/secret-wars-marvel-legends-iceman-action-figure-169041?variation=334075
King Features The Original Superheroes Number 03 Ming the Merciless,$19.00,https://www.bigbadtoystore.com/product/king-features-original-superheroes-number-03-ming-merciless-94419?variation=184308
King Features The Original Superheroes Series 1 Set of 3 Figures,$74.99,https://www.bigbadtoystore.com/product/king-features-original-superheroes-series-1-set-3-figures-94420?variation=184311
Cliff Burton (Superhero Poster) ULTIMATES! Action Figure,$30.24,https://www.bigbadtoystore.com/product/cliff-burton-superhero-poster-ultimates-action-figure-135733?variation=266928
Dragon Ball Super: Super Hero S.H.Figuarts Piccolo Action Figure (2nd Reissue),$37.99,https://www.bigbadtoystore.com/product/dragon-ball-super-super-hero-shfiguarts-piccolo-action-figure-2nd-reissue-178871?variation=351409
Dragon Ball Super: Super Hero S.H.Figuarts Gohan (Beast) Exclusive Action Figure,N/A,https://www.bigbadtoystore.com/product/dragon-ball-super-super-hero-shfiguarts-gohan-beast-exclusive-action-figure-119655?variation=232011
Dragon Ball Super: Super Hero S.H.Figuarts Ultimate Gohan Action Figure (Reissue),N/A,https://www.bigbadtoystore.com/product/dragon-ball-super-super-hero-shfiguarts-ultimate-gohan-action-figure-reissue-139539?variation=275246
Dragon Ball Super: Super Hero S.H.Figuarts Piccolo Action Figure (Reissue),N/A,https://www.bigbadtoystore.com/product/dragon-ball-super-super-hero-shfiguarts-piccolo-action-figure-reissue-139540?variation=275247
Dragon Ball Super: Super Hero S.H.Figuarts Gohan Beast (Exclusive Edition) Action Figure,N/A,https://www.bigbadtoystore.com/product/dragon-ball-super-super-hero-shfiguarts-gohan-beast-exclusive-edition-action-figure-187129?variation=366428
